type,title,release_date,artist_name,genre
TV Show,Science in yard pretty four,1983-01-16,Nicole Morales,Horror
TV Show,Option about,2001-07-11,Eric Scott,Romance
TV Show,Politics keep performance above,1981-09-19,Eric Lewis,Horror
Song,Indeed away performance perform,2000-09-27,Paula Hayes,Action
Song,Writer pressure describe,1998-04-20,Alejandro Heath,Science Fiction
Book,They majority prepare minute social,2014-08-04,Jeffery Reese,Documentary
TV Show,Year hold religious,1996-10-28,Jack Schneider,Action
Song,Current cultural only than,1989-08-21,Michelle Ford,Mystery
TV Show,Tell arrive,1984-04-21,Emily Brown,Horror
Song,White result,1996-03-03,Tina Martinez,Romance
Book,Here art concern future,1982-08-20,Corey Jones,Romance
TV Show,Choose energy,1986-05-07,Alyssa Stephens,Romance
Book,Often center institution,2003-08-01,Elizabeth Nash,Horror
Book,Store break blue,1983-04-23,Miguel Sims,Fantasy
Book,Head size may call over,2015-01-30,Sandra Grant,Comedy
Song,Popular address way past,2001-06-16,Thomas Farmer,Action
Song,Threat of main,1999-01-05,Michael Rosales,Action
Song,Society hospital,2006-02-03,Patrick Wright,Fantasy
Song,Card house feeling huge,1987-05-04,David Diaz,Comedy
Book,Front society draw much,1988-12-27,Ryan Holland,Action
TV Show,Same listen indeed image,2007-03-24,Tina Fletcher,Fantasy
Song,Society feel big,2012-11-07,Donna Smith,Comedy
TV Show,Begin herself teach floor season,1984-05-02,Terrance Carey,Fantasy
TV Show,Drive hotel,1981-07-30,Timothy Moore,Romance
TV Show,Wonder game across sister science,1983-11-19,Debbie Galloway,Fantasy
TV Show,Describe cut,2007-09-30,Erin Rogers,Romance
Book,Word business open plan,2001-04-11,Charles Kane MD,Horror
TV Show,Compare like eye,2015-11-25,Johnathan Williams,Drama
Song,Ahead tax carry,2018-08-07,Christopher Hall,Thriller
Book,Arrive create drive model what,2012-08-24,Crystal Benson,Fantasy
TV Show,Think information,1996-06-17,Suzanne Kennedy,Comedy
Book,Everyone sit also key,1991-03-26,Sonya Mercer,Fantasy
Song,Phone politics break method,1989-11-23,David Johnson,Horror
Song,Born production let book,1994-05-11,Peter Wright,Science Fiction
Book,Nice PM just ball artist,1998-12-07,Cynthia Ramos DDS,Romance
Book,Situation return a run,2020-03-29,Kathleen Valdez,Action
Book,National billion indicate,1991-01-26,Raymond Morales,Comedy
Book,Account leader,2010-06-21,Theodore Martinez,Action
Book,Chance local,1998-05-21,Ms. Denise West MD,Documentary
Book,Might budget above individual,1987-03-03,Scott Miller,Romance
TV Show,It financial become,2013-08-20,Robert Woodward,Drama
Book,Will cultural,2020-09-12,Amber Lambert,Comedy
Book,At ability also amount,1990-08-13,Rachel Garcia,Drama
TV Show,Agreement necessary girl state nice,1995-09-04,Steven Smith DVM,Fantasy
TV Show,Live arm west task scientist,2004-04-04,Arthur Owens,Documentary
Song,Somebody none talk,2016-03-01,Sandra Glover,Action
Book,Man time special,2002-03-20,Justin Schmidt,Mystery
Book,Course policy partner,1997-02-24,Alexander Leblanc,Horror
Book,Special too soon,2012-06-29,Matthew Booth,Drama
Book,Stand beautiful deal language,1980-03-02,Russell Garcia,Action
Song,Audience well as,1980-08-21,Tony Miles,Drama
Book,Majority popular box matter majority,1990-01-16,Lorraine Simmons DDS,Action
TV Show,Require race,2019-01-04,Rebecca Jones,Documentary
Song,Size job maintain man produce,1983-01-04,Charles Neal,Drama
Song,Population watch should,1986-11-27,Kimberly Heath,Science Fiction
Song,Both however why collection,2014-09-09,Larry Ho,Comedy
TV Show,Part simply chair,1989-12-22,Timothy Phillips,Mystery
Song,Stuff exist ready voice eight,2012-07-30,Frank Montes,Drama
Book,Instead attack listen down identify,1988-09-10,Lori Graham,Comedy
Book,Fill shake politics charge,2009-02-17,Sandra Smith,Romance
Song,Skill cup,1995-10-07,Michelle Garcia,Horror
Book,Something less improve become,1987-01-11,Lauren Simpson,Fantasy
Song,Partner our bar mission myself,1995-03-19,Stephen Richards,Action
Book,Wait play need herself,1992-10-17,Kari Boyle,Action
TV Show,Traditional couple suddenly,2017-02-04,Adam Santos,Horror
TV Show,Television organization rise,1985-10-28,Mr. Thomas Ray,Romance
Song,Key relationship every,2006-07-18,Daniel Griffin,Mystery
Song,Seek early inside,2005-04-15,Juan Green,Drama
Book,Check model their worry,1997-05-31,Cameron Barber,Thriller
Song,Too land attorney require,1999-06-19,Kerry Lane,Horror
Song,Sister page ok door,2004-10-21,Kristina Wells,Drama
Book,Consider will go apply rock,2022-02-05,Peter Butler Jr.,Action
Book,Environmental development popular energy seek,2014-10-02,Amanda Ortega DVM,Romance
TV Show,Their tree,1990-01-06,David Bennett,Romance
Song,Similar recognize several,1994-03-02,Karen Spence,Drama
Book,Weight sit its own,1981-05-13,Cody Petersen,Romance
TV Show,Fall form per,2022-03-16,John Jones,Horror
TV Show,Grow through director away push,2007-10-22,Caitlyn Jackson,Action
Song,Son might wear,2009-07-02,Joshua Bailey,Romance
Song,Factor too,2022-04-11,Justin Woodward,Documentary
Song,Learn science,1998-09-08,Ryan Frazier,Horror
TV Show,Technology wide,2007-04-05,Jerry Robbins,Fantasy
TV Show,Fall visit like concern,2014-03-26,Walter Murphy,Mystery
Book,Out example plant,2010-01-02,Mark Brown,Science Fiction
TV Show,Kitchen serve police herself owner,1993-01-08,Adam Harris,Drama
TV Show,Know into draw,1983-09-10,Thomas Foster,Romance
TV Show,Nation which ball,2015-09-19,Mr. Juan Rich,Romance
Book,Part look thank rule,2001-04-24,Richard Clarke,Action
Book,For remain public,2010-09-29,Ms. Stephanie Reed,Romance
TV Show,History surface consumer seat reach,1980-11-14,Charles Mclean,Science Fiction
TV Show,Yourself current necessary,1994-01-13,Anthony Douglas,Thriller
Book,It standard across detail card,1986-08-23,Susan Arnold,Drama
TV Show,Happen watch on wall,2004-07-21,Julie Fisher,Documentary
TV Show,Trouble explain personal,2009-11-01,Adam Bell,Romance
Song,Town green however,1991-05-15,Jeffrey Fisher,Romance
Song,Crime become quite society body,2002-01-31,Brandon Haynes,Mystery
Book,May safe,1987-01-28,Jeffery Torres,Comedy
Song,Low these majority movie,2000-07-12,Christopher Carr,Mystery
Book,Look research,1982-04-24,Dylan Riley,Science Fiction
Song,Many although sense whatever,2014-01-10,Chad Weiss,Drama
TV Show,Something less artist ability,2020-06-13,Deborah Williams,Comedy
Song,Impact decision,2004-07-29,Jennifer Green,Documentary
TV Show,Defense coach allow practice,1993-01-24,Randy Ashley MD,Romance
Book,Of run somebody election reach,1984-03-01,Diana Robinson,Romance
TV Show,Board able model free,2014-05-04,Stanley Reilly,Fantasy
Song,Issue half special on,2002-10-11,Daniel Jackson,Thriller
Book,Under parent talk service,2000-03-28,Angela Bush,Comedy
TV Show,Employee mention movement,2020-04-30,Tyler Roberts,Science Fiction
TV Show,Size performance successful guess,2020-03-15,Donna Miller,Science Fiction
TV Show,Save need play,2022-03-29,Daniel Cline,Drama
TV Show,Respond throw site behind,2018-04-06,Melissa Parker,Fantasy
TV Show,Hot set again cell beat,2001-08-15,Ryan Andrade,Science Fiction
Book,Speech perhaps can building,2004-06-30,Susan Carr MD,Comedy
TV Show,Figure sell until,2012-04-03,Jacqueline Green,Thriller
Book,Minute small direction machine,1990-01-16,Austin Harrison,Comedy
Book,Region current any finally international,2004-12-02,Ryan Miller,Drama
TV Show,Same style pretty factor,2002-10-17,William James,Drama
Book,Husband world,1980-06-20,Ariana Cook,Comedy
Song,Way dog town many boy,2021-07-24,Daniel Meza,Romance
Song,Five against participant song,2004-09-20,Caitlyn Perez,Horror
Book,Choice store page,1994-05-22,Jason Velasquez,Drama
TV Show,Natural huge four discuss spend,1985-09-04,Bryan Rodriguez,Romance
TV Show,Use decade relationship,1987-09-18,Nicole Snow,Drama
Book,You full,2015-10-02,Joshua George,Documentary
Book,Like have sure produce,1982-08-28,Kimberly Schroeder,Romance
TV Show,Save hundred,1988-03-07,Sally Duke,Thriller
Book,Generation kitchen answer,2000-08-12,Eric Curtis,Romance
Song,Chance operation,2016-04-16,Christina Davis,Drama
Book,Actually society personal cup,1988-05-13,Jessica Nguyen,Thriller
Book,View space trial,2005-10-31,Travis Brown,Horror
TV Show,Positive response low,2007-02-02,Lynn Warren,Drama
Song,Cell professional step,1996-02-23,Carrie Carter,Action
TV Show,Hour give decide second,2008-05-10,Jessica Brown,Science Fiction
Book,Area him probably eye,2002-07-17,David Wilson,Drama
TV Show,Professional wait dream,2010-08-06,Justin Bell,Action
Song,Company source several,1980-07-18,Melissa Clark,Romance
Book,If professor structure family,1994-04-25,Rebecca Caldwell,Science Fiction
Song,Player fight,1985-07-31,Derek Terrell,Horror
Song,Pick reveal,2013-09-12,Dr. Kevin Walsh MD,Drama
Book,Help it,1995-01-26,Gabriel Carter,Romance
Book,Several work close,2018-09-12,Gregory Floyd,Drama
Song,Effect wind check the use,1980-04-01,Ryan Davies,Science Fiction
Song,Partner team development before health,2020-01-30,Jennifer Keith,Thriller
TV Show,Order benefit eight,2006-05-17,Megan Bruce,Romance
TV Show,Government discuss,1981-04-27,Drew Garcia,Action
Song,Test good,1982-10-05,Maria Allen,Thriller
Song,War husband,2011-02-14,David Mendoza,Action
Book,Office set radio well,2018-12-13,Michelle Gibson,Documentary
TV Show,Last say baby recognize,2017-04-02,Ashley Contreras,Documentary
Book,Great friend cultural,2010-03-31,Jose Wheeler,Documentary
Song,Throughout traditional cold their,2016-09-23,Patrick Anderson,Fantasy
Song,Just room be,1980-11-05,James Cox,Action
TV Show,Serve mention,2011-08-31,Holly Simmons,Romance
Song,Long push call,1999-11-26,Lauren Simmons,Comedy
Book,Than open space,2016-02-08,Edgar Rodriguez,Horror
TV Show,War father read others,1984-04-28,Leslie Brady,Thriller
Book,Assume rock current,2014-12-13,Richard Fleming,Mystery
Song,Speech rich along then,2009-03-19,Gabrielle Dominguez,Romance
Book,Pretty task,2011-09-21,Theresa Dunn,Horror
Book,Explain direction play who,2016-06-06,Kristin Johnson,Science Fiction
TV Show,Voice dinner sure type position,1980-06-12,David Gibson,Science Fiction
Song,Wife project even,2016-05-08,Jared Robles,Romance
TV Show,Wind moment gas,1982-09-04,Sara Deleon,Comedy
Book,Board agreement mission mission couple,2017-10-15,William Williams,Science Fiction
TV Show,Generation require win,2017-11-18,Susan Hughes,Documentary
Book,Report start listen case action,1992-08-19,Andrew Clark,Romance
TV Show,Reduce quite take,2007-03-18,Kelly Robertson,Comedy
TV Show,Hair past three no,2010-06-22,Deborah Davis,Documentary
TV Show,Third impact charge require,2014-07-20,Jacob Powers,Horror
Song,Occur may while whose,2002-01-11,Debra Gray,Thriller
Book,General record western talk care,2020-05-25,Patrick Donaldson,Documentary
TV Show,Song reflect very worker,2019-12-28,Renee Moore,Action
Song,Few result improve scene itself,2005-05-08,Shelby Beltran,Mystery
TV Show,Camera goal dinner hit,2008-04-10,David Vaughn,Science Fiction
Song,Figure music reality,2004-10-27,Brandon Walker,Thriller
Book,Only last,2009-10-10,Eric Cobb,Comedy
TV Show,Exactly style easy I you,1993-06-02,Timothy Parker,Drama
Book,Do several,2016-09-04,Michelle Williamson,Drama
Book,Daughter poor,1992-04-04,Dr. Nancy Garcia,Drama
Book,City film arm several catch,2011-10-23,Jennifer Ferguson,Horror
Book,Change majority,2011-07-30,Eileen Gallagher,Science Fiction
TV Show,Operation center bring talk,2004-07-23,Angela Aguirre,Drama
Book,Himself these decide quickly,1992-06-02,Jane Flores,Comedy
TV Show,Business thus,1983-12-17,Leonard Farmer,Documentary
Book,Oil outside next likely,2019-06-13,Natalie Perry,Mystery
TV Show,Sister turn,1981-02-17,Kevin Robinson,Thriller
Book,Money decide,1993-02-12,Nathaniel Hicks,Documentary
Book,Keep heart character,2006-09-10,Jason Dennis,Fantasy
TV Show,Professor sure us down film,1996-05-06,Kenneth Potts,Action
Book,Old mission former,1986-02-09,Deborah Davis,Action
Book,Hear drive writer entire decision,2019-10-23,Jennifer Duncan,Action
TV Show,Probably significant record,2016-01-05,Ashley Lopez,Science Fiction
Book,Part example,2009-04-06,Heather Nelson,Comedy
Book,Maybe many,1992-01-18,Jacqueline Perez,Horror
TV Show,Sometimes control that,1981-10-10,Karen Griffin,Action
TV Show,Themselves item real fund,2004-08-19,Michael Buck,Action
TV Show,Either service least,2003-08-04,Gail Stevens,Drama
Song,Anyone marriage tend indicate,2020-04-30,Sarah Banks,Documentary
Song,Visit seven read box,1993-09-07,Jose Patel,Horror
Book,Me police investment will,2006-01-11,Alison Williamson,Science Fiction
Book,Capital option special role letter,2006-01-11,Brandi Williams,Comedy
Song,Realize today may boy,1986-11-11,Lauren Gilbert,Science Fiction
Book,Their wind yet throw,2019-05-03,Julie Miles,Drama
Book,American mind street your,2002-01-15,Rebecca Williams,Romance
Book,Trip mother evidence friend,2009-01-05,Melissa Goodwin,Science Fiction
TV Show,Movement score news near cause,1996-12-14,Nicholas Campbell,Thriller
Song,Great scene option,1982-09-11,Jesse Jarvis,Comedy
Song,Officer want,2016-06-14,James Thompson,Science Fiction
Song,Money rate Mr,1991-08-19,Christopher Torres,Mystery
Song,Particular financial,1998-05-26,Alexis Williams,Science Fiction
Song,Article think,1995-10-15,Melissa Fowler,Drama
TV Show,Well stay born,2014-12-12,Mitchell Anderson,Thriller
Book,Article rise design,1999-04-11,Sheila Dalton,Thriller
Song,Measure beautiful,2022-11-23,Angela Pierce,Horror
Book,Relationship medical score might help,2012-07-29,Patricia Thomas,Horror
Song,Tell single yourself long form,1999-12-15,Kathleen Irwin,Romance
TV Show,Control rather move reach stand,2012-10-20,Rose Brown,Science Fiction
Book,Finish bill grow,2013-12-17,William Thompson,Documentary
Song,These some at challenge,2017-03-29,Antonio Brock,Romance
TV Show,Social rest,2018-10-04,Jeremy Smith,Drama
Book,Scene then support partner,2002-01-25,Whitney Kim,Mystery
Book,Reduce develop,2000-02-27,Sara Randolph,Horror
Book,Listen decision spend,1997-01-14,William Kelley,Horror
Song,Season ability,2022-08-27,Brandon Berry,Romance
TV Show,Unit next though think,1985-01-27,Joan Ferguson,Comedy
Song,Man concern have page,2012-11-08,Jerry Gray Jr.,Science Fiction
Song,Test tax realize recognize attack,1992-08-23,Faith Clarke,Thriller
TV Show,Along of at against,1989-11-03,Lori Glenn,Thriller
TV Show,Quickly expert feel,1996-08-29,Gregory George,Comedy
Book,Radio many prevent page,2013-08-08,Todd Jones,Comedy
Song,Tough everyone,1994-12-16,Edward Simmons,Science Fiction
Song,Third just score effort,2012-08-18,Brooke Lopez,Fantasy
Book,Wife option chance always cause,2014-04-14,Jose Brown,Thriller
Book,Decade point,1983-10-31,Caleb Duke,Thriller
Book,Understand simply any program,1987-08-15,John Cruz,Documentary
TV Show,Fund either,2005-04-23,Bonnie Ortiz,Action
TV Show,Or gun own,1982-04-11,John Collins,Romance
Song,Significant eat especially,1990-02-15,Rachel Mccarthy,Mystery
Song,Walk soldier table,1995-02-08,Eric Peterson,Romance
Song,Fall mean sure food,1987-02-20,John Cruz,Thriller
Song,Product new,2004-10-24,Alyssa Smith,Fantasy
Song,Indeed family group yourself,2018-02-11,Melissa Collins,Science Fiction
Song,Could lot management natural world,2002-08-10,Angela Rangel,Drama
Song,Wonder receive,1986-11-19,Brian Cox,Comedy
Book,Dinner interest security,1981-11-11,Jaime Smith,Horror
Book,Beat sound life with free,2020-11-25,Mark Shah,Drama
Song,Language line movement small,2008-09-26,Katherine Jackson,Comedy
Book,Thought laugh black always,2007-08-16,Matthew Wright,Thriller
Book,Much experience rather,1995-03-29,Charles Brown,Science Fiction
TV Show,Get any clearly,2003-08-23,Jeremy Walsh,Fantasy
TV Show,Stand response success,2007-01-20,Cathy Castillo,Drama
Book,Threat laugh pay,2004-03-22,Matthew Hill,Documentary
Book,Tough task concern,1989-06-26,Brian Ellis,Romance
Book,Fast watch us black,1987-01-11,Hannah Christensen,Action
Song,You feeling in court head,1987-09-19,Andrew Martin,Science Fiction
Song,Movement issue here product,2002-07-11,Stephanie Cobb,Mystery
Song,North service particular stock protect,1999-05-28,Matthew Hart,Mystery
Song,Activity anyone seat visit,2019-08-08,Lauren Perry DVM,Documentary
Song,Possible old industry issue,2000-02-25,Lisa Hanson,Romance
Book,Media figure listen,2010-02-15,Gina Santos,Thriller
TV Show,Next four challenge street,2022-10-19,John Smith,Drama
TV Show,Technology answer child,1985-12-14,Kyle Baker,Romance
TV Show,Another two pick month,2019-03-19,Stacy Phillips,Romance
TV Show,Reveal east let rest decide,1998-05-06,Traci Macdonald,Drama
Book,Apply role fund,1999-09-11,Robert Schwartz,Action
Song,Sea television improve same,2013-01-09,Carmen Hunter,Horror
Book,Product sea ask,2008-07-22,Matthew Clark,Drama
Song,Great say billion eye,1993-12-16,Emily Gonzalez,Science Fiction
TV Show,Wind campaign probably,1992-07-04,Brenda Walker,Comedy
TV Show,Color push,1990-03-11,Yesenia Hamilton,Comedy
Book,Job game career environmental,2015-12-02,Darrell Smith DDS,Romance
Book,Indicate eight relationship morning,2011-10-04,Jessica Rosales,Science Fiction
TV Show,Not glass suddenly,1999-11-17,Christopher Morales,Comedy
Song,Professor suddenly control,2019-03-06,Vanessa Odonnell,Fantasy
TV Show,Site current military,2021-11-02,Jennifer Taylor,Drama
Book,Run enter staff country,2011-01-08,Christy Brown,Comedy
Song,Other try hot several item,2012-04-09,Gina Hayes,Fantasy
TV Show,Production vote Mrs,2005-02-15,Shari Richmond,Romance
Book,Bad care old expect,2010-05-13,Dawn Kidd,Drama
TV Show,Each table mouth,2009-06-02,Tony Miller,Romance
Book,Sing sport describe,2022-08-20,Danielle Bailey,Documentary
Song,Need forget reason,2014-03-13,Derrick Burnett,Drama
Book,Author few lawyer Democrat,2009-09-27,Matthew Day,Comedy
Book,Almost land,2021-08-03,Jennifer Johnston,Action
Book,Each rise cold practice feel,2014-09-30,Cheryl Roberts,Documentary
Book,Smile worry simple successful,2021-08-04,Monica Cunningham,Horror
Song,Seven sea anyone easy loss,1995-02-12,Danielle Peterson,Drama
Song,Push interesting reflect,1987-05-21,Jessica Sawyer,Drama
Song,Next fear,1985-04-04,Caitlin Williams,Action
Song,Family blood,1989-12-26,Jared Simmons,Drama
Book,Whole deal night,1985-09-02,Megan Perez,Romance
Book,For easy change expert,2021-02-02,Curtis Kelley DDS,Documentary
Song,Song could appear doctor,1996-06-24,John Mcdaniel,Documentary
Book,Radio send,2010-11-25,Logan Johnson,Romance
Song,Thank generation,2011-01-21,Jessica White,Romance
TV Show,Level wide Democrat let,1989-11-17,Jacqueline Wallace,Mystery
Book,Really remain type,2010-05-23,Kelsey Miller,Documentary
Book,Site claim mother,1995-08-09,Jeffery Sheppard,Comedy
Song,Participant fund state home,1987-10-27,Michelle Cantu,Mystery
Book,Computer be one,1997-03-24,Christopher Lynch,Romance
Song,Quickly occur notice,1980-09-04,Brandon Williams,Mystery
Song,Generation another away,2006-10-29,James Walker,Science Fiction
Book,Ground buy anything event goal,1980-02-26,Deanna Jimenez,Thriller
TV Show,Knowledge make,2001-06-19,Mark Ramirez,Comedy
Song,Sea city cup,2000-03-24,Michael Baker,Documentary
Song,Central hear,1984-01-02,Brandy Roberts,Fantasy
TV Show,Charge avoid water deep,1997-09-14,Kevin Williams,Thriller
TV Show,Chance use officer,1988-09-28,Julie Hunter,Science Fiction
Book,Time white wear want development,1986-01-07,Tommy Mason,Horror
TV Show,Rather team could,1980-02-18,Michael Roman,Mystery
Book,Physical positive society about purpose,2018-08-13,Eric Daniels,Drama
Song,Mouth arrive commercial level,2006-10-22,Amanda Crane,Science Fiction
Song,Piece parent our much read,1997-01-25,Darius Rogers,Horror
Book,Culture strategy,1989-04-24,Amanda Roy,Horror
Song,Whom off according film,2011-08-31,Stacy Hatfield,Mystery
TV Show,Gas senior,2005-07-20,Sean Pearson,Romance
Book,Yet walk through build,1996-12-01,Laurie Cox,Horror
Song,Film sea serve management nation,2021-01-31,Laura Morgan,Drama
TV Show,Campaign wind want buy glass,2018-09-05,Parker Morgan,Documentary
TV Show,Among what,2004-12-22,Courtney Miller,Comedy
Song,Yeah fast early Mr,1999-05-03,Holly May,Romance
TV Show,Cultural catch I toward,2020-12-12,Diane Goodwin,Science Fiction
Book,Sure story,2014-03-14,Thomas Meza,Science Fiction
Song,Affect high American trouble,1984-02-01,Haley Davidson,Science Fiction
Book,Coach market,1983-04-02,Gabrielle Morris,Romance
TV Show,Even rise still guy my,2014-02-15,Joseph Davis,Drama
TV Show,Car public character full various,2012-01-11,Reginald Weiss,Action
Song,Recently beyond,1999-05-08,Joseph Arroyo,Action
TV Show,Tax defense arm answer help,2009-11-22,Lisa Spears,Science Fiction
Song,Each hospital,2007-02-07,Nicole Klein,Action
Book,Class about you able,2005-05-29,Lydia Luna,Mystery
Song,Career identify return upon,2000-01-09,Renee Wilson,Comedy
Song,Probably both success,1985-05-17,Shannon Kennedy,Comedy
Song,Phone participant rate,1988-11-18,Dana Booth,Science Fiction
TV Show,Service little keep pick,2007-03-13,William Potts,Romance
Book,Personal game little several senior,2018-06-05,Rachel Lopez,Thriller
Book,Interest guess leg message,2007-09-22,Dave Kent,Action
Song,Available piece speech,1988-09-30,John Yoder,Drama
TV Show,Key see see,2018-03-09,Cathy Woodard,Documentary
Song,Loss maintain sure,2021-12-11,Ryan Guerra,Action
Song,Receive sister production,2009-05-06,Brian Fowler,Horror
TV Show,Big state specific trouble network,1985-05-06,Nicole Owens,Mystery
Book,Might energy resource lead,2020-04-30,William King,Science Fiction
Song,Free more subject region film,2018-10-05,Joseph Price,Drama
Book,Food could,2007-11-16,Sarah Ruiz,Drama
TV Show,Threat buy,2021-05-08,Alexandra Galvan,Documentary
TV Show,Enter word,2022-11-03,Robin Huynh,Fantasy
TV Show,Case event tree,2004-09-02,Robert Acevedo,Mystery
TV Show,Reveal good similar,2010-12-15,Jacob Cabrera,Drama
TV Show,Economy seat field behind,1983-04-02,Bradley Brown,Mystery
TV Show,Eat late pressure moment,1990-04-09,Nicholas Jimenez,Horror
Book,Key country animal next,1993-03-17,Antonio Myers,Fantasy
Song,Product conference degree involve social,1995-09-01,Shelly Fletcher,Mystery
Song,Class thing,2010-06-12,Jeremy Carey,Fantasy
Book,Plant company,2021-09-14,Steve Anderson,Horror
Song,Image painting charge,1991-10-24,Brian Cordova,Fantasy
Book,Red one body it,2000-08-04,Megan Olson,Documentary
TV Show,Next religious,1989-09-24,Joshua Flores,Science Fiction
Book,Lay fear sort traditional court,2008-10-15,Jennifer Tran,Fantasy
Song,Teacher southern sign who,2001-01-29,Christopher Gomez,Science Fiction
Song,Buy dinner service instead,2015-04-07,Gina Moss,Thriller
Book,Dream citizen right,2017-03-25,Ronald Coleman,Documentary
Song,So test to eat style,2021-04-07,Richard Pearson,Drama
Song,Boy huge,2010-11-22,Ruth Graham,Mystery
Book,Animal their foreign federal,1988-05-15,Joshua Jackson,Action
Song,War rise,1993-01-06,Joshua Giles,Romance
Song,Blue their challenge east,1981-07-16,Melissa Atkins,Thriller
Song,Card side stuff both,2013-10-09,Olivia Hurst,Action
Book,Rate popular international room blood,2019-05-25,Katherine Vaughn,Action
Book,Well real order everyone,1999-09-16,Marie Obrien,Horror
Song,Recently do anyone when,1984-02-20,Robert Davis,Romance
Song,Enough fire,1987-05-19,Michael Hicks,Horror
Book,Without leave place kind,2009-11-17,Kathryn Blake,Fantasy
Song,Dark last appear,2009-12-26,Jacqueline Baker,Comedy
Book,Provide choice up,1981-09-25,Jason Powers,Fantasy
TV Show,Agree rather ready,1990-05-30,Natalie Perez,Comedy
Song,Control about glass lead,1997-06-30,Catherine Sanchez,Action
Song,Stuff analysis guess,2018-12-06,Dakota Mcmillan,Science Fiction
Book,Always per too water,2005-08-28,Karen Martinez,Drama
Book,Receive respond she energy here,2011-12-15,Vanessa Miller,Mystery
TV Show,Behavior truth,1986-03-08,Taylor Diaz,Thriller
TV Show,Piece whatever box,2005-12-14,Daryl Rivera,Drama
TV Show,Congress star already apply information,2009-02-09,Jeff Hall,Documentary
Song,Reveal believe,2014-07-20,David Walsh,Documentary
Book,None rock,1987-06-12,James Wall,Drama
Book,To success may bank,2008-09-03,William Jenkins,Thriller
Book,Per edge smile week,1983-09-25,Katherine Newton,Comedy
Book,Establish by shake book,2012-06-23,Aaron Macdonald,Fantasy
TV Show,Wonder newspaper remember,1995-07-26,Laura Kennedy,Comedy
TV Show,Property three customer response drop,2012-07-01,Mr. Christopher Lawrence,Action
Book,Address Mrs second whom,1981-06-27,Anthony Ingram,Horror
Song,Someone old star part,2011-08-03,Jeremy Bruce,Mystery
Song,Produce subject ground,2010-04-06,Jasmine Gross,Horror
Book,Scientist young policy imagine,1996-03-05,Justin Brown,Mystery
Song,Do benefit leader find,1985-07-27,Annette Newman,Mystery
TV Show,Which occur,2002-05-29,Stephen Curtis,Mystery
Song,Age thank pattern fly financial,2002-05-10,David Medina,Science Fiction
TV Show,Exist recently claim,2020-12-04,Brittney Krueger,Drama
TV Show,Sing effort often sound,2015-02-10,Christopher Hardy,Science Fiction
Book,Name do account heavy,2013-05-08,Anthony Allen,Comedy
TV Show,Buy year size concern example,1988-10-15,Sarah Weiss,Documentary
Book,Political structure establish,1996-06-29,Edward Taylor,Romance
Song,Around them maybe grow,2004-09-03,Cassandra Cook PhD,Fantasy
Song,Tough medical family,1991-09-12,Bruce Nelson,Mystery
Song,Me down,2003-01-20,Erin Kennedy,Thriller
Book,Participant positive open,1993-05-21,Roberta Jackson,Science Fiction
TV Show,Fish actually take simply house,2007-02-15,Benjamin Mitchell,Horror
TV Show,Customer then,1984-04-17,Sarah Evans,Action
Book,Affect determine determine least,1994-08-21,Mary Woodward,Mystery
Book,Seek heavy role drug,1985-12-02,Randall Taylor,Romance
Song,Front protect impact cut,1991-01-03,Patrick Vasquez,Mystery
Book,Sea investment,1985-11-24,David Wilkins,Horror
Book,Food picture personal huge five,1980-02-19,Charlene Foster,Thriller
Book,Today approach condition because,2012-05-17,Rodney Robinson,Science Fiction
Book,Machine read laugh near,2011-05-15,Johnathan Martin,Comedy
Book,Ever begin late,2004-09-26,Victor Greene,Action
Book,Late later cause,1998-10-21,Hannah Rodriguez,Thriller
TV Show,Discuss study color,2004-04-18,Lawrence Steele,Comedy
Book,Far worry form,2008-01-18,Cassandra Lewis,Science Fiction
TV Show,Almost I student,1994-12-19,Ryan Lopez,Drama
TV Show,Happy friend feel,2022-02-11,Joe Ellis,Romance
Book,Standard lay level,1991-07-02,Joel Tran,Comedy
TV Show,Call impact,1981-07-24,Mary Humphrey,Mystery
Song,Environment value local after,2009-05-01,Jose Jenkins,Documentary
Book,Room environment pull usually,2015-08-24,Matthew Cohen,Thriller
Song,Next evening purpose page,2010-06-14,Frank Brown,Documentary
TV Show,Wall the stage less team,1989-08-27,Daniel Morris,Action
TV Show,South argue accept party,2013-11-26,Marc Cole,Documentary
Book,Most look term talk to,2018-09-23,Lauren Crawford,Horror
Book,Benefit much,1982-08-05,Sally Hudson,Thriller
Song,Act own gun,1999-09-30,Melinda Mosley,Documentary
TV Show,Whether operation six produce,2003-01-18,Laura Lowe,Comedy
TV Show,Top difference under like,2016-03-16,Travis Higgins,Drama
Song,Option sure describe task,1990-01-29,Patricia Snyder,Fantasy
TV Show,Know radio,1985-11-14,Jennifer Beck,Horror
Book,Reflect animal,2014-04-12,Andrew Moore,Documentary
TV Show,Foreign challenge picture fish,2012-12-08,Shane Campbell,Romance
Song,She try difference have concern,1981-09-08,Anthony Solis,Comedy
Song,Push far add both,2001-06-02,Ian Pitts,Romance
Book,Surface song low pattern,2012-01-27,Taylor Zhang,Comedy
TV Show,Woman me country best later,2000-03-05,Joe Adams,Horror
TV Show,Including term material,1989-05-28,Scott Owens,Drama
Song,Law current,2009-06-03,Matthew Robinson,Fantasy
TV Show,Plant person doctor police,1984-01-30,Derek Miller MD,Romance
Song,Identify popular attorney,2020-07-09,Sarah Glass,Drama
Book,Partner finally stand scientist,2015-06-24,Victor Diaz,Horror
Song,Focus occur the of heavy,2010-02-25,Larry Diaz,Fantasy
Book,Senior view structure,2000-03-02,Richard Jordan,Thriller
Song,Building hope perform remember,1984-07-15,Susan Reynolds,Fantasy
Song,Without although,1994-01-17,Casey Wood,Fantasy
Song,Newspaper ground loss,1991-10-20,Michelle Evans,Mystery
Book,Drop few,1995-02-11,Brent Reed,Science Fiction
Song,Medical card activity protect,1982-03-07,Ian Wilson,Fantasy
Song,General guy,1987-11-04,Deborah Lee,Fantasy
Song,Once guess scientist,1980-02-17,Stacy Jones,Action
TV Show,Task standard president focus,2000-06-11,William Brown,Mystery
Book,Suddenly card everybody young,2012-03-31,Michael Adams,Documentary
Book,Government on card not those,1984-02-02,Cassandra Francis,Comedy
TV Show,Bit others off front ability,1992-08-22,Darren White,Romance
TV Show,Structure then live model,1988-01-25,Ryan Walker,Horror
Song,While top new perform,1988-09-14,Dr. Rachel Hubbard DVM,Action
Song,Other spring see model,1990-02-15,Mrs. Brenda Duncan,Romance
Book,Kitchen body,2017-02-25,Shelley Herman,Drama
TV Show,Sense recently high run,1990-07-11,Lisa Pierce,Science Fiction
TV Show,Entire second give father,2002-07-15,Erin Wilson,Fantasy
Song,According room design serve,2011-04-04,Nicholas Johnson,Mystery
Book,Society Democrat statement the,2018-03-26,Jennifer Williams,Mystery
Book,Add age system glass last,2016-04-06,Leroy Myers,Documentary
Song,Story rate coach something,2012-04-28,Lisa Vaughan,Thriller
Book,Nation various rate few,1995-10-25,Maria Yang,Documentary
Song,Structure instead religious,1981-05-04,Rachel Lopez,Drama
TV Show,Indeed vote room history vote,2018-02-18,Joanna Smith,Thriller
Song,Those impact mind hold tree,2011-02-01,Karen Davis,Thriller
Book,Kind role gun education four,2006-04-14,Michael Pugh,Drama
Song,Network despite discussion whom,2013-12-27,Pamela Trevino,Science Fiction
TV Show,Determine for member edge,1982-07-21,Amanda Gutierrez,Action
Book,Move forget,2008-10-03,Rachel Glover,Horror
Song,Rate parent team can,2010-11-25,John Stein,Documentary
Book,Six turn both consumer,1981-08-29,Marissa Greene,Mystery
Song,Worry seek moment,1994-12-04,Joshua Hall,Drama
Song,Item while director boy,2019-01-17,Michael Mcdonald,Horror
Book,Agreement collection behavior high,1987-11-20,Mary Chavez,Mystery
Song,Deep card song,2006-03-08,Megan Phillips PhD,Romance
TV Show,Whom operation second change,2018-03-07,Gail Hughes,Horror
TV Show,Near century produce,2006-05-17,Todd Alexander,Drama
Song,By wonder large western manager,2003-09-12,Adam Baker,Fantasy
TV Show,Protect purpose within the,2016-06-04,Danielle Pierce,Horror
TV Show,Region science us walk,2015-09-23,Stephanie Gomez,Action
Book,Nice party,2007-04-14,Anne Trujillo,Comedy
Book,Card different us,1982-08-19,Theresa Lucas,Mystery
Song,Upon return quickly race,2013-12-12,Robert Ewing,Documentary
Book,Democratic radio above seek,2002-05-10,Nicole Kelly,Science Fiction
Book,Into public seat,2002-08-11,Harold Martin,Fantasy
TV Show,Often analysis answer,2008-10-02,Rebekah Campbell,Comedy
Book,Raise hour save more trip,2004-02-15,Sean Calderon,Mystery
Song,Section baby air,1999-02-13,William Sanchez MD,Mystery
TV Show,Charge money cultural newspaper smile,1986-07-06,Collin White,Drama
Book,Ball relate poor them,2020-04-26,Kayla Watson,Action
TV Show,Share business,2006-01-14,Dr. Andrea Burton,Action
Book,Test down weight yes relationship,1994-03-19,Felicia Baker,Mystery
Book,Remain where office culture,2007-10-29,Richard Kelley,Thriller
Song,Partner top gun,1996-03-10,April Serrano,Drama
Book,Sense forget newspaper,1993-08-23,Tara Travis,Romance
TV Show,Mother industry simple these none,2007-07-24,Jessica Walls,Science Fiction
TV Show,Off maintain during figure,2018-04-21,Michael Murphy,Mystery
Song,Best major reach fall once,1993-01-17,Edward Martinez,Horror
Book,Possible peace research probably,1985-12-06,Tiffany Hunter,Romance
Song,Support listen open professional parent,2020-07-03,Shelby Kelly,Horror
Song,Serious reveal,2003-02-26,Tina Martinez,Drama
Song,Trial these movie,1980-10-23,Virginia Johnson,Fantasy
TV Show,Approach offer myself color myself,2006-06-07,Susan Ray,Horror
Song,Evening reality eat,2015-05-15,Hannah Thompson,Science Fiction
Song,Player standard,2013-05-14,Stuart Murray,Drama
Book,Else continue six sign,1985-10-11,Darren Bradley,Documentary
TV Show,More thousand,2013-08-09,Brian Vincent MD,Romance
Book,Official purpose,1989-06-26,Casey Cooper,Thriller
TV Show,Minute remain the,1987-05-06,Donald Simpson,Thriller
TV Show,Late want us enjoy task,1984-07-02,Alejandro Scott,Action
Book,Out add others authority available,1997-10-24,Richard Davis,Thriller
Song,Happy size consumer agent,1987-10-17,Jonathon Contreras,Mystery
Book,At life realize door,2005-02-12,Kenneth Lewis,Fantasy
TV Show,Four away growth,1996-04-20,Paul Smith,Thriller
TV Show,Season quickly exactly,1989-02-04,Jose Martinez Jr.,Science Fiction
Song,Research increase where issue,2018-10-17,Mrs. Tammy Flores,Romance
Song,Age impact bill step,1985-02-13,Ashley Rivas,Drama
TV Show,Night cold,2014-07-27,David White,Fantasy
Book,Team where,1984-12-05,Michelle Smith,Thriller
Book,Experience in always,2015-07-09,Holly Mathews,Mystery
TV Show,Stop week accept,2009-12-22,Amy Henderson,Thriller
Song,Theory until score talk citizen,2018-08-03,Rachel Lee,Mystery
TV Show,Popular unit they radio,2007-01-21,Heather Vasquez,Fantasy
Song,Soldier person discuss,2003-09-16,Erin Phillips,Mystery
TV Show,Trade for suggest piece,1996-11-14,Lori Sims,Mystery
Book,Strategy indeed series these marriage,2009-07-23,Jason Smith,Mystery
Song,Main sound seat,1994-12-26,Tina Sexton,Documentary
Song,Understand rather important south nor,1991-05-09,Matthew Lambert,Science Fiction
Book,Gun himself address true garden,2017-01-17,Heather Torres,Horror
TV Show,Learn travel tell foot,1997-10-20,Karen Reese,Drama
Book,Relationship still west exactly already,2012-02-16,Daniel Jefferson,Drama
Song,Seven truth look,1984-08-29,James Obrien,Horror
Book,Not describe half,2010-08-31,Crystal Shelton,Horror
Song,Continue through young expect,1989-02-26,Kathleen King,Horror
TV Show,Million civil now list ever,1990-08-29,Ian Myers,Drama
Book,Wear course compare go,1981-04-09,Sue Garcia,Action
Song,Standard discover commercial when,1986-07-18,Donna Flores,Drama
Song,Off weight enjoy order,2002-01-21,Kathleen Reed,Romance
Book,Build consider,1983-02-12,Mark Mills,Horror
TV Show,Bed charge least position,1995-10-17,Dana Sanders,Science Fiction
Book,Same magazine chair,2015-09-10,Rachel Schmidt,Comedy
Song,Daughter ability,1993-11-28,Justin Johnson,Drama
Book,Avoid sense send executive activity,2021-05-31,Elizabeth Nelson,Action
Song,Dream computer especially democratic,2000-11-22,Thomas Faulkner,Action
Song,War through several wait,2020-12-08,Patrick Ramos,Fantasy
Song,Worker everything financial hit,2002-04-04,Rhonda Martin,Romance
Song,Piece machine research structure group,1984-08-10,Eric Welch,Fantasy
Song,Ever never tell,2018-03-13,Brent Conner,Drama
Book,International blood other,1990-07-29,Richard Potter PhD,Science Fiction
Book,Bit camera take lay,2016-11-07,Nicole Ruiz,Action
Song,Perhaps never economic source response,2011-03-18,Carrie Thomas,Romance
Song,Leg issue serve,1980-11-05,Melody Perez,Action
Book,Until perhaps,2005-06-11,Thomas Thompson,Documentary
Book,Bring half,1990-05-03,Daniel Turner,Science Fiction
Song,Watch thus war,1995-09-22,Robert Elliott,Horror
Book,Lot call international practice current,2002-07-08,Arthur Brown,Drama
TV Show,Opportunity Mrs woman,2009-03-15,Stacy Lopez,Science Fiction
TV Show,Machine activity parent,2000-06-22,Dwayne Griffith,Comedy
Book,Education deep even,2017-03-19,Nicole Gordon,Documentary
Song,Sometimes feel receive enter color,1985-12-29,Matthew Allen,Romance
Song,Must natural spring,2005-04-12,Melissa Gonzalez,Horror
Song,Lot think lay,1994-04-17,Courtney Boyd,Romance
Book,Already heavy during laugh,2001-04-07,Lauren Williams,Documentary
Book,Page door,1985-01-11,Chelsea Lopez,Science Fiction
Song,Grow kind light,1989-11-10,Megan Daniel,Romance
TV Show,Face surface democratic country,2014-09-06,Margaret Wilson,Thriller
TV Show,Tend offer believe,1984-04-13,Doris Olson,Mystery
Book,Professor effort order,1982-03-30,Justin Hernandez,Science Fiction
TV Show,Exist down kid,2009-04-27,Roy Hill,Fantasy
Song,Bed leg,2001-01-04,Courtney Smith,Romance
Song,Whom lose reflect,1984-08-25,Javier Morrow,Comedy
TV Show,Worker property staff lay ahead,1982-06-15,Matthew Carey,Drama
Song,Oil player large bad,2018-01-25,Barry Harris,Action
Song,Network reflect style,2014-09-06,Christina Ford,Horror
Book,Market argue explain,2017-04-25,Robert Gomez,Drama
Song,Contain contain approach fish,1997-08-03,Katrina Mccarthy,Drama
Book,Camera PM,1995-07-30,Kent Henderson,Science Fiction
TV Show,These stock pull air game,1981-10-08,Brianna Davenport,Fantasy
Song,Job area despite,1987-04-23,Anthony Ellison,Documentary
TV Show,Family much poor,2018-09-23,Kenneth Keith,Fantasy
Song,Step early everything personal,1991-01-23,Jason Martin,Fantasy
Book,General through see news,1985-03-13,Keith Jones,Drama
TV Show,Nearly little without,1994-12-05,William Barrett,Horror
Song,Think read feel free,1999-09-30,Jeff Scott,Documentary
Book,Break fund news similar,2016-08-24,Stacy Evans,Science Fiction
Book,Perhaps adult character part,2006-01-21,Jacob Ramirez,Action
Book,Media study when common,1999-03-28,Destiny Foster,Romance
Book,Certain whole sea,1985-03-31,Laura Meyer,Science Fiction
Book,Join throw lose,2008-09-07,April Haynes,Mystery
Song,House wait where,2001-03-16,Emily Burnett,Comedy
Song,Voice should among land scientist,2001-10-15,Courtney Oneal,Comedy
TV Show,Kind wait evidence,1996-07-30,Mary Garcia,Drama
Song,Model power,1995-07-05,Ronald Moreno,Romance
TV Show,Term message table major,2019-01-30,Christopher Schultz,Romance
TV Show,Hope begin trial live,2022-01-06,Kathryn Garrison,Documentary
TV Show,Stop be question woman must,2014-05-21,Stacey Allen,Science Fiction
Song,Around at run,2007-12-13,Amy Smith,Horror
Song,Another Democrat not southern,1984-05-22,Sarah Stephens,Comedy
Song,Wall on,1984-11-18,Jordan Gomez,Science Fiction
TV Show,Seat prove anything,1995-01-04,Jennifer Silva,Romance
Book,Even throw soldier,2009-07-03,Michelle Alvarez,Drama
Book,Knowledge happy,2020-03-16,Nicole Adams,Fantasy
TV Show,Together benefit mention,2010-03-13,Patrick Dillon,Horror
Book,None law student,1996-02-04,Matthew Foster,Documentary
TV Show,Act camera,2005-04-30,Amanda Fuentes,Action
Song,Walk office watch blue rest,2001-09-24,Adam Patel,Horror
Song,Environmental say bar,1990-01-06,Jenna Carpenter,Romance
Book,Write nation mission,1982-02-24,Katie Mitchell,Mystery
Book,Plan others television,1983-08-08,Matthew Perez,Science Fiction
Song,Mother push,1991-06-03,Samantha Wilson,Drama
Song,Doctor public main help,2019-02-07,Courtney Lee,Comedy
TV Show,Whose very,2010-11-26,Alexis Gray,Thriller
Book,Instead lot same,2008-08-29,Sarah Prince,Romance
Song,Who together focus white,1989-08-18,Alicia Fox,Fantasy
Book,Single write author,2002-06-27,Dr. Amy Williams MD,Documentary
TV Show,Option group explain,1999-10-16,Beth Young,Mystery
TV Show,Two per drive voice,2000-04-13,Craig Neal MD,Horror
TV Show,Simple get direction fall offer,1980-08-19,Paul Browning,Drama
Book,Between news great coach,2007-11-03,Troy Anthony,Thriller
TV Show,Main improve face listen,1995-02-28,Joseph Ramirez DDS,Romance
Book,Course past media radio entire,2007-09-24,Cindy Schaefer,Action
Book,Shoulder career relate,2020-05-11,Jenna Williams,Drama
Song,Miss center perhaps,2006-09-06,Travis Mendez,Mystery
Book,Either end letter,1980-03-04,Claire Ramirez,Romance
TV Show,Decade meeting,2012-01-15,Taylor Strong,Fantasy
TV Show,Out wish property,2015-04-12,Gail Williams,Mystery
Book,Box serious,2001-09-03,Sabrina Evans,Action
TV Show,Painting education word yes,2001-03-06,Christian Brock,Horror
TV Show,Prove above peace,2006-07-27,Miranda Murphy,Mystery
Song,Exist defense,1990-04-15,Richard Williams,Documentary
TV Show,Television speak prevent,2005-05-25,Dr. Kathleen Smith,Romance
TV Show,Important specific protect,1998-03-19,Christopher Hunter,Thriller
Book,Example during more former just,2018-12-31,Emily Escobar,Thriller
TV Show,Wrong sure rule,1980-07-31,Andre Ramirez,Documentary
Song,Here evidence,2005-05-11,Andrew Robinson,Mystery
TV Show,Democrat mission example fire,2016-08-05,Mckenzie Kennedy,Thriller
TV Show,College artist social,2002-08-24,Erika Carlson,Horror
Book,Court special group data,2022-11-22,Dana Williams,Comedy
Book,Surface authority wife me community,1993-03-29,Joseph Gillespie,Documentary
Song,Practice another trial group machine,1990-10-14,Kristy Burnett,Drama
TV Show,I position opportunity,2008-06-16,Keith Tanner,Fantasy
TV Show,Executive air direction well,2010-11-07,James Arroyo,Documentary
Book,Join agent thus important population,2017-01-06,Wendy Reed,Thriller
TV Show,Visit according enjoy,1988-09-17,Andrew Flores Jr.,Horror
Song,Summer state almost look,2012-12-03,Jeremiah Adkins,Fantasy
TV Show,Fund type,2002-09-11,Mary Hunt DDS,Fantasy
Book,With put particularly owner Democrat,2002-08-07,Nicholas Bass,Drama
TV Show,A even recently why else,1996-03-14,Ruth Harper,Mystery
Song,Message can listen,2012-08-27,Ashley Edwards,Action
Song,Tax evidence,2021-03-17,George Cook,Thriller
Book,Growth on agent maintain,1994-04-22,Matthew Price,Documentary
Song,Important southern show director military,2010-10-29,Tina Ruiz,Horror
TV Show,End house conference,1996-08-09,Scott Perkins,Mystery
TV Show,Sit six give,1986-07-13,Anna Taylor,Documentary
TV Show,Machine control church prove,2017-10-19,Deborah Morgan,Romance
Book,Themselves could young work thought,1993-05-26,Michael King,Thriller
Song,Idea usually,1993-11-10,Kayla Mcdonald,Action
Book,Open today protect,1984-05-05,Casey Griffin,Action
Song,Eight matter hotel,2021-05-11,Martin Davis,Mystery
Book,Up less several state nature,1993-11-29,Brittany Bauer,Science Fiction
TV Show,Challenge mind least glass,2010-10-11,Daniel Whitehead,Thriller
TV Show,Charge cultural cell,1995-02-24,Brianna Weeks,Science Fiction
Book,Data program save why sister,2013-05-15,Stacy Foster,Action
TV Show,Fall season small,1992-01-11,Andrew Vaughn,Fantasy
Book,Listen minute,2010-07-22,Samantha Kelley,Horror
TV Show,Herself easy ball answer,2017-07-26,Melissa Warren,Thriller
Book,Race reflect third score low,2021-10-10,Gwendolyn Miller,Horror
Book,At return,1994-03-27,Franklin Alvarez,Mystery
Book,Performance ever film,2017-01-18,Jennifer Thompson,Drama
TV Show,Professor security tax according,2002-04-23,Robert Scott,Comedy
Song,Suggest a,1989-06-03,Jason Baker,Romance
Book,Try song,1984-09-16,Michael Hodges DDS,Fantasy
Book,Floor mission,2016-09-09,Mary Stewart,Mystery
TV Show,Already a machine,1989-06-14,Jamie Zimmerman,Documentary
TV Show,Subject serious talk wide situation,1999-07-13,Joanna Porter,Drama
TV Show,Between first able which,2016-08-23,Mrs. Amber Martinez DVM,Documentary
TV Show,General music old,2015-08-07,Amy Hernandez,Horror
Book,Item million how,2011-11-28,Latasha Freeman,Mystery
TV Show,Type decade particularly,1985-01-11,Brenda Johnson,Documentary
Song,Include ok more member determine,2020-09-21,Mark Park,Drama
Song,Center grow reduce best event,1995-08-23,Victor Kirk,Documentary
TV Show,Check environment sister owner,1988-11-20,Judy Ayers,Science Fiction
TV Show,Necessary outside official even firm,1998-06-04,Carla Franco,Mystery
Song,Assume themselves,2000-07-22,Kim Jenkins,Mystery
Song,Cell you amount themselves,2017-06-14,Chad Clark,Comedy
TV Show,Reach look traditional moment operation,2015-04-01,William Clark,Fantasy
TV Show,Number term point,2021-11-16,Wayne Williams,Action
Song,Both star box relationship,1994-12-03,Jason Taylor,Science Fiction
TV Show,Six company month,2019-05-15,James Smith,Drama
TV Show,Crime radio friend soon,1992-04-11,Christopher Willis,Horror
TV Show,Single individual late,2019-06-29,Linda Morales,Comedy
Book,Check budget,1987-01-02,Cassandra Sanchez,Drama
Book,Down Republican,2021-08-29,Jacqueline Ball,Mystery
Song,Parent year usually,1986-01-01,Dylan Henry,Documentary
TV Show,Make current perhaps,1992-01-25,Sandra Guerrero,Documentary
TV Show,Full hot store listen west,2018-08-08,Matthew Casey,Mystery
TV Show,Bit data quality than political,1998-01-06,Katherine Massey,Fantasy
TV Show,Civil leader direction card lay,2011-12-12,Amber Wade,Thriller
Song,Memory too throw,2010-12-07,Michael Wilson,Fantasy
TV Show,Week citizen still soldier role,2004-01-01,Adam Lester,Romance
Song,Clearly specific state cost guess,2005-12-22,Stephanie Gentry,Science Fiction
Song,Available change technology owner policy,2003-03-20,Christopher Myers,Drama
TV Show,Picture well instead best,2015-07-10,James Rodriguez,Fantasy
Book,Public low series,1983-09-09,Marvin Barton,Mystery
TV Show,Possible seat lose offer quality,1982-02-03,Robert Watson,Romance
Book,Surface foot task world baby,1992-12-29,Douglas Estrada,Thriller
Song,Probably government yeah teacher,1997-07-20,Steven Lowe,Mystery
Book,Thought institution which,1992-10-01,Breanna Fisher,Action
TV Show,Newspaper cut great,2014-01-19,Christine Gonzales,Documentary
Song,Trade yet middle expert,1991-04-02,Kevin Benson,Action
Song,Street quality get candidate,1994-08-01,Gabriel Phelps,Action
Song,Explain away field modern Mrs,1984-02-26,Shawn Coleman,Drama
Song,Give management opportunity,2011-05-18,Samuel Butler,Science Fiction
TV Show,Through picture trial tree,1994-06-16,Stephanie Fernandez,Horror
Song,Actually score nothing write,1987-05-24,Alex George,Comedy
Song,Hour add mind social,1997-02-13,Natalie Brooks,Documentary
TV Show,Write design,1996-01-20,Darius Wright,Science Fiction
TV Show,Vote section let threat,1996-07-18,Rodney Olsen,Mystery
Book,My we control later detail,2012-06-10,Andrew Wright,Thriller
Book,Ago wrong laugh,2001-03-28,Sarah Dunlap,Romance
Book,Opportunity our method,2001-01-30,Amy Klein,Romance
Book,Like low once,2018-03-07,Isabella Barnes,Action
Book,Century dark expert,2009-02-11,Sean Weaver,Fantasy
Book,Live idea analysis write,1981-03-21,Anne Rogers,Fantasy
Book,Owner plant stay,2016-04-07,Gregory Miller,Horror
TV Show,Those try money,2007-09-17,Chelsea Drake,Horror
Song,Democratic what require anyone,2006-01-07,Shari Reynolds,Science Fiction
TV Show,Office option become,2022-12-06,Sabrina Cox,Horror
Song,Anyone see of marriage month,2003-09-02,Becky Steele,Thriller
Book,Your direction or event,2010-06-22,Trevor Marquez,Fantasy
TV Show,Know produce western response,1995-01-14,Daniel Davis,Horror
Book,Talk better morning century technology,2002-06-06,Shannon Peters,Comedy
Song,Will daughter process wide,2020-07-07,Dennis Soto,Romance
Book,Manage able project,2020-04-04,William Anderson,Romance
Book,Inside budget,1997-11-01,Brittney Moyer,Horror
Book,Mr future oil perform building,1982-05-28,April Gardner,Romance
Song,Animal central catch PM vote,2016-08-15,Paul Higgins,Thriller
Song,Three food,2002-10-26,Jonathan Perry,Action
Song,Admit although win soon,1983-03-14,Michael Carter,Comedy
Song,Team contain television catch,2015-07-20,Alison Williams,Thriller
Song,Perform unit style catch evening,1984-07-30,Lacey Campbell,Comedy
Song,Admit voice ground,2011-02-21,Brent Harris,Romance
Song,Goal late tough investment,2000-01-16,Sandra Elliott,Drama
Book,Knowledge official may music,1980-12-08,Kimberly Hale,Mystery
TV Show,Discussion mind store fish,1993-01-22,Ryan Davies,Action
TV Show,Draw mission across difference,1994-03-06,Lisa Logan,Science Fiction
TV Show,Chance myself hold protect develop,2009-09-09,Kim Scott,Documentary
Song,Indeed center together,2003-08-28,Jason Reed,Romance
Book,Conference guy,1985-10-09,Paul Evans,Comedy
Song,Seat then travel magazine above,2005-09-21,Jessica Bennett,Romance
Song,Increase attack,1998-07-03,Brittany Callahan,Documentary
Book,Cover through,2015-11-19,Joseph Spencer,Romance
Song,Relationship type wife,2022-06-23,Jamie Garza,Romance
Book,Foreign station,1997-10-05,Katie Terry,Comedy
Book,Near would pay,1999-07-30,Michael Anderson,Thriller
Song,Design loss house thousand,1984-01-15,Clarence Baker,Romance
Book,Now feel power general effort,1991-01-29,Roberto Taylor,Action
TV Show,Do production analysis front continue,2017-03-08,Jared Clarke,Drama
Book,Company open boy,1992-02-19,Timothy Rose,Romance
Book,Audience all relationship,1996-12-21,Alexandra Jenkins,Action
TV Show,Fact themselves million feeling interest,2020-10-01,Jennifer Hall,Science Fiction
Song,Eight man apply not prepare,1986-05-08,Courtney Ford,Mystery
Book,Act step stock recently,2014-06-18,Erica Williams,Romance
TV Show,Who notice wonder professional,1996-12-10,Sara Bean,Romance
Book,Ready six,2010-07-19,Cynthia Gonzalez,Drama
TV Show,Space both,2000-05-28,Melissa Mcdowell,Thriller
Book,Care next drive similar,2003-11-17,Deborah Logan,Documentary
TV Show,Democratic still seem drive,1990-07-06,James Oliver,Documentary
Book,Fight plant,1981-08-14,Alexandra Fox,Drama
Song,Thank cut performance administration,2018-01-28,Ms. Dawn Simon,Horror
TV Show,Catch break,1990-08-10,Raymond Flores,Fantasy
Book,There avoid forward,1998-10-14,Janice Anderson,Comedy
Song,Suffer citizen girl before movement,2014-08-19,Kristine Bradford,Action
TV Show,Clearly company tough media,1993-03-25,Dana Kelly,Drama
Song,Everything most real research,1990-05-01,Chase Hernandez,Science Fiction
TV Show,Student toward oil game some,1992-10-15,Andrea Obrien,Documentary
Book,Interest summer example president,1991-12-05,Michelle Ramirez,Thriller
TV Show,I high dark pretty itself,1982-08-24,Alexandra Daniels,Drama
Song,Film suggest station would network,1982-01-20,Dorothy Gutierrez,Thriller
TV Show,Whose response whatever candidate,1983-12-14,Mary Suarez,Documentary
Song,Public series event,2002-10-09,Karen Curry,Comedy
TV Show,Cell simple relate huge than,1991-06-30,Gary Bell,Drama
TV Show,Us home subject their,1992-02-21,Margaret Gallegos,Action
Book,Fear eat protect almost,2013-11-13,Thomas Deleon,Drama
Book,Article machine successful field cup,2015-10-24,Adrienne Miller,Science Fiction
TV Show,Only vote security challenge,1989-09-10,Samantha Burton,Thriller
Song,Student maintain system specific,2007-09-24,Lawrence Coleman,Comedy
Song,Threat resource,2002-02-14,Roy Wright,Mystery
TV Show,Free win impact officer,2022-09-03,Matthew Harrison,Documentary
Book,Find politics hear minute education,2006-05-16,Krystal Miles,Action
Song,Nothing whose sister,2015-11-15,Caroline Johnson,Mystery
Book,Blood expert size at,1990-04-02,Lynn Marshall,Science Fiction
Book,Course wall road still,1983-05-29,Leslie Mills,Science Fiction
Book,Long summer peace,2020-06-21,Bryan Martinez,Mystery
Book,Week ask year try for,2000-10-04,Dennis Davis II,Action
Book,True pay education age,1985-07-11,Melissa Park,Romance
Book,Discover than ask candidate,2009-09-21,Brittany Thomas,Romance
Book,Believe federal country better door,1988-11-19,Daniel Beck,Thriller
Book,Mean scene area nothing,2007-12-22,John Powell,Horror
Book,Newspaper suffer commercial between,2009-04-02,Anthony Holland,Thriller
TV Show,Leader end face,2010-02-16,Derrick Walker,Thriller
TV Show,Magazine pattern perform cover campaign,2018-12-27,Katherine Adkins,Science Fiction
TV Show,Discover travel environmental,1981-04-18,Tracy Garcia,Horror
Song,Main PM,2004-11-11,Johnny White,Fantasy
TV Show,Him but property,2008-10-19,Sean Burton,Fantasy
Book,Movement building detail price,1989-08-08,George Alvarado,Action
TV Show,Now Republican foot,2010-01-24,Kara Wells,Documentary
TV Show,Half anything,1996-06-30,Sandra Johnson,Drama
Book,Trouble pass certain,1989-03-01,Lisa Miller,Action
TV Show,Single total house community,1988-03-21,Joe Jones,Science Fiction
Song,Song beautiful any,1983-08-20,Stephanie Hamilton,Comedy
Book,Large out write season,1986-10-23,Michelle Griffin,Fantasy
TV Show,Bank month lay,1992-02-02,Wayne Flynn,Documentary
TV Show,Bank world despite,1999-09-01,Megan Clark,Comedy
TV Show,Job upon almost,2022-12-01,Christopher Campbell,Mystery
Song,Consider training news,2017-07-20,Benjamin Williams,Thriller
Book,Result over cultural,1992-05-15,Peter Braun,Thriller
TV Show,Away life serve,1984-05-17,Nicole Gonzalez,Science Fiction
Book,Decade city like,2000-01-05,Denise Lewis,Thriller
TV Show,Offer hand day,2000-12-23,Michael Buchanan,Comedy
Song,Partner far then suggest,1986-07-26,Bonnie Marshall,Comedy
Book,Pressure attention ball,2020-08-16,Matthew Hoffman,Fantasy
Song,Money over American worry,2001-02-27,Christy Walker,Horror
Book,Still do early,2000-03-25,Thomas Ortiz,Action
Song,Join another answer order,2003-06-12,Jacqueline Kennedy,Romance
TV Show,More recognize run,1995-09-12,Jose Jones,Thriller
TV Show,Floor sometimes source apply,2006-08-31,Mary Stewart,Action
Song,Travel likely bit,2019-08-11,Jessica Ramirez,Horror
TV Show,Head interesting despite head wear,1986-04-01,Maria Roberts,Romance
Book,Catch teach late serve lose,1980-01-03,Christopher Payne,Action
Song,Meeting others listen city,1994-10-29,Michael Santos,Documentary
Song,Impact despite or,1986-03-07,Michael Thomas,Fantasy
Book,Simply real rate themselves light,1990-12-01,Scott Pacheco,Fantasy
TV Show,Size tell career,1991-10-29,Sheila Giles,Comedy
Book,Society notice various,1981-06-09,Derek Edwards,Action
Song,Yourself job agent cultural small,2008-07-13,Angela Roberts,Horror
TV Show,Perform realize music language push,1992-01-05,Tracy Delgado,Drama
TV Show,Particular such writer it,2006-01-01,Sandra Fowler,Documentary
Song,Specific region quickly,2017-04-09,Jason Cole,Fantasy
Book,Watch as fact according rise,1980-09-23,Danielle Herman,Science Fiction
Song,Her now,1982-01-14,Kristine Hall,Thriller
Book,Why recognize eye short you,2021-09-24,Philip Flores,Thriller
Book,Happy spring fly she provide,2006-07-14,Hannah Stevens,Drama
Book,Team operation push kind,2001-08-19,Brittney House,Documentary
Song,Build determine skill seek bed,2002-09-30,Brandy Palmer,Documentary
Song,Consider Mrs woman spring,2020-01-24,Aaron Terry,Drama
Song,Show stock they book,2019-01-29,Alexandra Hernandez,Comedy
Song,Dark report present,2010-12-11,David Hooper,Drama
Book,Light loss anyone,1982-08-02,Samantha Arnold,Horror
Song,Note throughout game,1999-01-28,Ricardo Rice,Action
Book,Environmental between official,2003-11-25,Karen Gilbert,Mystery
Song,Control land statement,2007-01-29,Edward Peterson,Thriller
TV Show,Do such without cover,2019-03-20,Sarah Smith,Action
TV Show,Process that hair,1989-10-06,Laura Hicks,Comedy
Song,Kid gas likely,1984-12-05,Rebecca Mitchell,Mystery
Book,General decision sometimes themselves,2000-01-28,Michael Glenn,Thriller
TV Show,Boy rather head,2012-11-29,Mary Melton,Romance
Song,Site professor value,1990-02-07,Diane Johnson,Drama
Book,Day beyond friend international,2003-11-30,Bernard Patel,Fantasy
TV Show,Fill article,2020-03-03,James Fitzpatrick,Horror
TV Show,Thus all feeling,1982-10-28,Barbara Wood,Mystery
TV Show,Sort paper trouble,1994-04-29,Kathleen Turner,Drama
TV Show,Fish while social economic,2007-11-07,Hector King,Documentary
Book,Occur by,2008-10-07,Tina Sanders,Drama
Song,Scene artist professional possible,1987-03-17,Bridget Carroll,Documentary
Book,Also choice,2019-11-21,William Roberts,Science Fiction
TV Show,Pm part both over,2003-03-14,Brittany Freeman,Science Fiction
Song,Prove cell,2002-04-01,Cassandra Thomas,Thriller
Book,Go explain indicate property environment,1980-04-14,Brandy Wyatt,Fantasy
Book,Huge those,1981-05-29,Mrs. Amy Bridges,Documentary
Book,Significant deal reality candidate,1997-04-03,Courtney Davidson,Horror
TV Show,True determine,2019-05-30,Carol Spencer,Fantasy
Song,Middle would buy represent,1989-07-21,Joel Jones,Science Fiction
Book,Chair news expert,1999-09-21,Wendy Summers,Mystery
Song,Blue air,2016-01-25,Matthew Salazar,Comedy
Song,Recent how writer agree,2015-06-01,Timothy Franklin,Documentary
Song,Administration so medical by,1993-08-31,Crystal Fuller,Action
Song,His their add,1997-11-05,Rachel Daniel,Science Fiction
TV Show,Natural morning never clear,1993-08-21,Angela Singh,Thriller
TV Show,However speech alone city coach,2020-10-09,Jorge Larson,Comedy
Song,Quickly loss foot,2017-09-17,Brian Adkins Jr.,Mystery
Book,Television foot fall maintain door,2002-07-13,Samuel Anderson,Thriller
TV Show,Bring try her measure,2005-05-16,Christopher Foster,Drama
Song,Box direction,2022-09-26,Laurie Hartman,Thriller
Song,Success strategy,2015-08-02,Brittany Mcgee,Documentary
Book,Cell I art democratic,2017-03-19,Elizabeth Malone,Horror
Book,To future admit eight first,2011-05-01,Hector Webb,Mystery
Song,Study data century majority,1998-08-24,Tammy Castillo,Horror
Song,Law win oil,1989-08-08,Sydney Mack,Horror
TV Show,Network source side,1994-01-31,Melissa Mitchell,Drama
Song,Wish nature out stock treat,1997-11-09,Stephanie Leonard,Mystery
Book,Structure single play how,1995-02-12,Shawn Guerra,Drama
Book,Then remain side,2022-02-14,Nicole James,Horror
Book,Ready traditional,2014-10-13,Abigail Williamson,Mystery
Song,Movement others,2007-09-04,Anthony Johnson,Thriller
Book,Kid language technology field,1994-08-02,Richard Roy,Horror
TV Show,Prepare organization interview easy firm,2014-12-17,Judy Sims,Action
Book,Continue risk arm create,1989-03-22,Stephanie Marshall,Science Fiction
TV Show,Mind them despite fish,1998-08-28,Kelly Case,Action
Book,Arrive section house,1988-10-05,John Carr,Horror
TV Show,Sit surface indicate,1989-05-25,Claire Martin,Comedy
Book,Four animal American,1983-06-14,Rebecca Estes,Science Fiction
TV Show,State human happen,1994-08-02,Laura Mayer,Horror
Song,Month if night issue our,2015-08-30,Lisa Brown,Horror
TV Show,Statement red approach,2010-01-11,Jamie Brock,Thriller
Book,Successful plan grow,1997-05-17,Maureen Chambers,Documentary
Book,Course total scene,2019-07-15,Christy Brady,Documentary
Song,Group there girl doctor,1996-01-07,Justin Hawkins,Comedy
TV Show,Five at that off,2008-09-25,Scott Gordon,Drama
Song,Last cause capital,2014-12-28,Jacob Mathews,Fantasy
Song,Cell million financial,2015-05-02,William Rivera,Romance
Song,Those attention floor,1980-10-01,Matthew Gilmore,Horror
TV Show,Somebody down nature,2003-08-19,Steven Fitzgerald,Drama
TV Show,Crime enough per expert up,1998-06-20,Kevin Lara,Science Fiction
Book,Dinner relationship,2014-06-20,Marcus Jones,Mystery
Book,Cultural land degree hundred force,2015-09-22,Ariel Rivera,Documentary
Book,Three story close management,2016-08-17,Annette Flores,Mystery
Song,Player crime conference word choice,2010-04-09,Lisa Butler,Comedy
Song,Get drug hotel,2000-03-04,Michael Farrell,Mystery
Song,Tax practice right,1982-02-22,Regina Wall,Documentary
Song,Seem group fall unit interest,2004-12-16,Gabrielle Morales,Romance
TV Show,Deal a support information nor,1991-01-02,Stanley Nelson,Drama
TV Show,Court moment senior computer,1995-01-19,Heather Rogers,Science Fiction
Book,Majority worry west,1998-09-25,Kevin Dunn,Fantasy
Book,Environmental son coach if,2017-09-28,Edward Holt,Horror
TV Show,Cell role couple pick respond,2008-06-23,Blake Gardner,Documentary
Song,Notice young like,2021-03-11,Sarah Alvarez,Documentary
Book,Oil certainly however,2017-03-12,Richard Lynch,Horror
TV Show,Risk baby soldier next,1994-11-25,Amy Parrish,Comedy
TV Show,Few decade that ability,1993-12-17,Amanda Morrison,Drama
Book,Church health sell sometimes,2021-01-22,Anthony Garrison,Drama
Song,Wonder serve recognize your part,2013-08-09,Rodney Foster,Documentary
Book,Toward be imagine,1997-01-18,Shelley Cardenas,Science Fiction
TV Show,Happen your PM fill,1986-01-03,Mark Peterson,Science Fiction
TV Show,Interest whatever,1996-10-23,Melissa Nunez,Mystery
Song,Mother through respond,2014-04-24,Samuel Riley,Romance
TV Show,Before energy experience,2011-07-09,Laura Johnson,Documentary
Song,Build job catch,1988-04-09,Sylvia Larson,Mystery
TV Show,Government positive Democrat should some,2007-06-23,Kristin Norris,Action
Song,Travel too hotel star,1998-11-20,Theresa Smith,Comedy
TV Show,Determine special that,2015-08-02,Kimberly Luna,Fantasy
Book,Contain affect when,2022-10-11,Mary Mayo,Fantasy
Book,Fact figure model allow,1989-01-11,Joshua Contreras,Mystery
Book,Course letter because no,1983-01-28,Shelly Doyle,Fantasy
Song,Fear mind pass allow,1985-07-28,Amanda Harris,Horror
TV Show,Interest down consider,1981-06-20,Heidi Williams DVM,Romance
TV Show,Safe ago book,1989-10-11,Richard Callahan,Horror
Song,Lead debate our board,2002-02-09,Julie Smith,Drama
Song,Attention choice season affect,1984-02-18,Charles Miles,Action
Book,Step set mother result,2020-07-14,Juan Smith,Documentary
TV Show,Without up toward keep,1996-04-08,Julie Castaneda,Thriller
Song,Behavior contain free green,1997-10-04,Stephanie Hines,Documentary
Book,Eye shoulder her task suffer,2014-04-25,Mary Olson,Mystery
Book,Business front possible production,1988-10-13,Tamara Short,Thriller
TV Show,Right cover for because,1993-06-07,Laurie Green,Comedy
TV Show,Language truth former,1996-04-15,Oscar Gonzalez,Mystery
Song,Range why no only,1983-10-22,Brian Dean,Mystery
Book,Free themselves style,2004-05-18,Amanda Barry,Thriller
Song,Professional whatever explain fast,2007-05-07,James Hill,Science Fiction
TV Show,Any minute feeling,1981-09-15,Gregory Giles,Action
Book,New day action,1989-08-12,Dennis Allison,Science Fiction
TV Show,Practice wind,1995-02-02,Joseph Jones,Comedy
Book,Imagine sell consider happen,1993-04-26,Caleb Pearson,Mystery
TV Show,Now because entire,2005-05-03,Brittany Thompson,Romance
TV Show,Enjoy finally card leave,1985-03-29,Shane Mitchell,Romance
TV Show,Shake both wife feeling,2017-11-15,William Koch,Thriller
TV Show,No word cut marriage,1995-01-11,Cindy Martin,Fantasy
Book,Improve to,2004-02-06,Amanda Smith,Thriller
Book,Good also,2004-03-05,Maurice Hall DDS,Horror
Song,Everybody hope public,1992-10-20,Alexandria Miranda,Romance
Book,Evidence while worker newspaper,2014-04-27,Justin Gardner,Horror
Song,Open prepare civil,2013-10-11,Dr. Mary Gregory,Drama
Book,View series know,2016-01-21,Stephanie Pratt,Comedy
Song,Yes cell property green discover,1987-11-02,Derrick Mcgee,Thriller
Book,Six however his where student,1997-01-24,Daniel Hull,Drama
Book,Raise common among call,1999-05-24,Heather Cuevas,Romance
TV Show,Thousand radio site weight,2003-08-10,Nicole Oconnell,Comedy
Song,Them none test,2001-08-28,Jonathan Young,Action
Song,Suggest short knowledge area name,2010-04-26,Amanda Ramos,Drama
TV Show,Writer keep,2014-04-14,Alexis Goodman,Horror
Book,Glass rich over,1990-11-23,Connie Ramirez,Mystery
Book,People air,2004-09-03,Kyle Brown,Romance
Song,Stuff himself,1994-05-12,Andrew Moody,Horror
Song,Growth smile from old,2002-07-20,Barbara Jordan,Action
Song,Allow off expect,1987-10-07,John Clark,Science Fiction
TV Show,Trouble society if,1980-09-14,Danielle Smith,Action
Book,Sea throw day,2011-06-11,Jennifer Little,Fantasy
TV Show,Lawyer they base,1983-12-02,Richard Ruiz,Romance
Song,Idea power various,2006-09-18,Rachel Lucero,Fantasy
Song,Chair the call and,2017-02-10,Kaitlin Brady,Horror
Book,Still head itself right threat,2002-06-29,Randall Harris,Thriller
Book,History subject cover,1985-11-16,Brandon Newman,Mystery
